Protein.Name,Peptide,Peptide.Modified.Sequence,Proteins,Pathway,pSites,Effect,2AMCVB3,InhibitorSuitability
sp|O15530|PDPK1_HUMAN,ANSFVGTAQYVSPELLTEK,ANS[+80]FVGTAQYVSPELLTEK,PDPK1,PI3K signaling,PDPK1-S241,Activation,Delayed,
sp|P46734|MP2K3_HUMAN,MCDFGISGYLVDSVAK,M[+16]C[+57]DFGISGYLVDS[+80]VAK,MP2K3;MP2K6,MAPK signaling,MP2K3-S218;MP2K6-S207,Activation,Unique,
sp|P49137|MAPK2_HUMAN,ETTSHNSLTTPCYTPYYVAPEVLGPEKYDK,ETTSHNSLTT[+80]PC[+57]YTPYYVAPEVLGPEKYDK,MAPKAPK2,MAPK signaling,MAPKAPK2-T222,Activation,ns,
sp|P10398|ARAF_HUMAN,IGDFGLATVK,IGDFGLAT[+80]VK,ARAF;BRAF,MAPK signaling,ARAF-T452;BRAF-T599,Activation,ns,
sp|Q15418|KS6A1_HUMAN,AENGLLMTPCYTANFVAPEVLK,AENGLLMT[+80]PC[+58]YTANFVAPEVLK,KS6A1;KS6A3,MAPK signaling,KS6A1-T573;KS6A3-T577,Activation,Delayed,
sp|Q15418|KS6A1_HUMAN,AENGLLMTPCYTANFVAPEVLK,AENGLLM[+16]T[+80]PC[+57]YTANFVAPEVLK,KS6A1;KS6A3,MAPK signaling,KS6A1-T573-Mox;KS6A3-T577-Mox,Activation,Delayed,
sp|P27361|MK03_HUMAN,IADPEHDHTGFLTEYVATR,IADPEHDHTGFLTEY[+80]VATR,MAPK3,MAPK signaling,MAPK3-Y204,Activation,Delayed,
sp|P27361|MK03_HUMAN,IADPEHDHTGFLTEYVATR,IADPEHDHTGFLT[+80]EYVATR,MAPK3,MAPK signaling,MAPK3-T202,Activation,Delayed,
sp|P27361|MK03_HUMAN,IADPEHDHTGFLTEYVATR,IADPEHDHTGFLT[+80]EY[+80]VATR,MAPK3,MAPK signaling,MAPK3-T202/Y204,Activation,Delayed,
sp|P05129|KPCG_HUMAN,TFCGTPDYIAPEIIAYQPYGK,T[+80]FC[+57]GTPDYIAPEIIAYQPYGK,PKCa/b/g,AGC kinase signaling,PKCa-T497;PKCb-T500;PKCg-T514,Activation,Unique,
sp|P06493|CDK1_HUMAN,VYTHEVVTLWYR,VYT[+80]HEVVTLWYR,CDK1,Cell cycle progression,CDK1-T161,Activation,Amplified,
sp|P12931|SRC_HUMAN,LIEDNEYTAR,LIEDNEY[+80]TAR,SRC;LCK;YES,Alternative,SRC-Y417;LCK-Y394;YES-Y426,Activation,None,
sp|P45983|MK08_HUMAN,TAGTSFMMTPYVVTR,TAGTSFMMTPY[+80]VVTR,MAPK8;MAPK10,MAPK signaling,MAPK8-Y185;MAPK10-Y223,Activation,Delayed-reduced,
sp|P45984|MK09_HUMAN,TACTNFMMTPYVVTR,TAC[+57]TNFMMTPY[+80]VVTR,MAPK9,MAPK signaling,MAPK9-Y185,Activation,Delayed-reduced,
sp|P45984|MK09_HUMAN,TACTNFMMTPYVVTR,TAC[+57]TNFMMT[+80]PYVVTR,MAPK9,MAPK signaling,MAPK9-T183,Activation,Delayed-reduced,
sp|P45985|MP2K4_HUMAN,LCDFGISGQLVDSIAK,LC[+57]DFGISGQLVDS[+80]IAK,MP2K4,MAPK signaling,MP2K4-S257,Activation,Delayed,
sp|P49840|GSK3A_HUMAN,GEPNVSYICSR,GEPNVSY[+80]IC[+57]SR,GSK3A,PI3K signaling,GSK3A-Y279,Activation,Unique,
sp|P51817|PRKX_HUMAN,TWTLCGTPEYLAPEVIQSK,TWT[+80]LC[+57]GTPEYLAPEVIQSK,PRKX,AGC kinase signaling,PRKX-T203,Unknown,None,
sp|Q05655|KPCD_HUMAN,ASTFCGTPDYIAPEILQGLK,AST[+80]FC[+57]GTPDYIAPEILQGLK,PRKCD,AGC kinase signaling,PRKCD-T507,Activation,Unique,
sp|Q16539|MK14_HUMAN,HTDDEMTGYVATR,HTDDEMTGY[+80]VATR,MAPK14,MAPK signaling,MAPK14-Y182,Activation,Delayed,Redundant
sp|Q16539|MK14_HUMAN,HTDDEMTGYVATR,HTDDEMT[+80]GYVATR,MAPK14,MAPK signaling,MAPK14-T180,Activation,ns,Redundant
sp|P51812|KS6A3_HUMAN,AENGLLMTPCYTANFVAPEVLK,AENGLLMT[+80]PC[+57]YTANFVAPEVLK,KS6A1;KS6A3,MAPK signaling,KS6A1-T573;KS6A3-T577,Activation,ns,
sp|Q16539|MK14_HUMAN,HTDDEMTGYVATR,HTDDEMT[+80]GY[+80]VATR,MAPK14,MAPK signaling,MAPK14-T180/Y182,Activation,Delayed-reduced,
sp|P45983|MK08_HUMAN,TAGTSFMMTPYVVTR,TAGTSFMMT[+80]PY[+80]VVTR,MAPK8;MAPK10,MAPK signaling,MAPK8-T183/Y185;MAPK10-T221/Y223,Activation,Delayed-reduced,
sp|P36507|MP2K2_HUMAN,LCDFGVSGQLIDSMANSFVGTR,LC[+57]DFGVSGQLIDSMANS[+80]FVGTR,MP2K1;MP2K2,MAPK signaling,MP2K1-S222;MP2K2-S226,Activation,Unique,
sp|P36507|MP2K2_HUMAN,LCDFGVSGQLIDSMANSFVGTR,LC[+57]DFGVSGQLIDSM[+16]ANS[+80]FVGTR,MP2K1;MP2K2,MAPK signaling,MP2K1-S222-Mox;MP2K2-S226-Mox,Activation,Unique,
sp|P28482|MK01_HUMAN,VADPDHDHTGFLTEYVATR,VADPDHDHTGFLT[+80]EY[+80]VATR,MAPK1,MAPK signaling,MAPK1-T185/Y187,Activation,Unique,
sp|P07947|YES_HUMAN,LIEDNEYTARQGAK,LIEDNEY[+80]TARQGAK,SRC;FYN;YES,Alternative,SRC-Y419;FYN-Y420;YES-Y426,Activation,None,
sp|P22694|KAPCB_HUMAN,TWTLCGTPEYLAPEIILSK,T[+80]WTLC[+57]GTPEYLAPEIILSK,PKACa/b/g,AGC kinase signaling,PKACa-T196;PKACb-T196;PKACg-T196,Activation,Unique,
sp|P28482|MK01_HUMAN,VADPDHDHTGFLTEYVATR,VADPDHDHTGFLT[+80]EYVATR,MAPK1,MAPK signaling,MAPK1-T185,Activation,Delayed,
sp|P50750|CDK9_HUMAN,AFSLAK,AFS[+80]LAK,CDK9,Cell cycle progression,CDK9-S175,Activation,Unique,
sp|P21127|CD11B_HUMAN,AYTPVVVTLWYR,AYT[+80]PVVVTLWYR,CDK11B,Cell cycle progression,CDK11B-T595,Activation,None,
sp|Q9UQ88|CD11A_HUMAN,EYGSPLK,EYGS[+80]PLK,CDK11A;CDK11B,Cell cycle progression,CDK11A-S577;CDK11B-S589,Unknown,Reduced,
sp|Q9HC98|NEK6_HUMAN,FFSSETTAAHSLVGTPYYMSPER,FFSSETT[+80]AAHSLVGTPYYMSPER,NEK6,Alternative,NEK6-T202,Unknown,None,
sp|Q9HC98|NEK6_HUMAN,FFSSETTAAHSLVGTPYYMSPER,FFSSETTAAHS[+80]LVGTPYYMSPER,NEK6,Alternative,NEK6-S206,Activation,None,
sp|P31152|MK04_HUMAN,GYLSEGLVTK,GYLS[+80]EGLVTK,MAPK4,MAPK signaling,MAPK4-S186,Activation,Delayed,
sp|Q8IW41|MAPK5_HUMAN,IDQGDLMTPQFTPYYVAPQVLEAQR,IDQGDLM[+16]T[+80]PQFTPYYVAPQVLEAQR,MAPKAPK5,MAPK signaling,MAPKAKP-T185-Mox,Activation,ns,
sp|Q8IW41|MAPK5_HUMAN,IDQGDLMTPQFTPYYVAPQVLEAQR,IDQGDLMT[+80]PQFTPYYVAPQVLEAQR,MAPKAPK5,MAPK signaling,MAPKAKP-T185,Activation,ns,
sp|Q13627|DYR1A_HUMAN,IYQYIQSR,IYQY[+80]IQSR,DYRK1A;DYRK1B,Alternative,DYRKA1A-Y321;DYRK1B-Y273,Activation,Amplified,
sp|Q9P0L2|MARK1_HUMAN,LDTFCGSPPYAAPELFQGK,LDT[+80]FC[+57]GSPPYAAPELFQGK,MARK1;MARK2;MARK3,Cytoskeleton regulation,MARK1-T215;MARK2-T208;MARK3-T211,Activation,ns,
sp|Q9P0L2|MARK1_HUMAN,LDTFCGSPPYAAPELFQGK,LDTFC[+57]GS[+80]PPYAAPELFQGK,MARK1;MARK2;MARK3,Cytoskeleton regulation,MARK1-T219;MARK2-T212;MARK3-T215,Activation,ns,
sp|O43781|DYRK3_HUMAN,LYTYIQSR,LYTY[+80]IQSR,DYRK3,Alternative,DYRK3-Y369,Activation,Reduced,
sp|Q9NYV4|CDK12_HUMAN,NSSPAPPQPAPGK,NSS[+80]PAPPQPAPGK,CDK12,Cell cycle progression,CDK12-S1083,Unknown,Reduced,
sp|O96013|PAK4_HUMAN,SLVGTPYWMAPELISR,S[+80]LVGTPYWMAPELISR,PAK4,Cytoskeleton regulation,PAK4-S474,Activation,Amplified,
sp|O96013|PAK4_HUMAN,SLVGTPYWMAPELISR,S[+80]LVGTPYWM[+16]APELISR,PAK4,Cytoskeleton regulation,PAK4-S474-Mox,Activation,ns,
sp|Q15139|KPCD1_HUMAN,SVVGTPAYLAPEVLR,S[+80]VVGTPAYLAPEVLR,PRKD1;PRKD3,AGC kinase signaling,PRKD1-S742;PRKD3-S731,Activation,Delayed-reduced,
sp|P50613|CDK7_HUMAN,SFGSPNR,SFGS[+80]PNR,CDK7,Cell cycle progression,CDK7-S164,Activation,None,
sp|P50613|CDK7_HUMAN,AYTHQVVTR,AYT[+80]HQVVTR,CDK7,Cell cycle progression,CDK7-T170,Activation,None,
sp|Q96GX5|GWL_HUMAN,GVENPAVQESNQK,GVENPAVQES[+80]NQK,GWL,Cell cycle progression,GWL-S631,Unknown,None,
sp|Q13153|PAK1_HUMAN,STMVGTPYWMAPEVVTR,STMVGT[+80]PYWMAPEVVTR,PAK1;PAK2;PAK3,Cytoskeleton regulation,PAK1-T427;PAK2-T406;PAK3-T440,Unknown,Delayed-reduced,
sp|Q9BZL6|KPCD2_HUMAN,SVVGTPAYLAPEVLLNQGYNR,S[+80]VVGTPAYLAPEVLLNQGYNR,PRKD2,AGC kinase signaling,PRKD2-S710,Activation,Unique,
sp|O96017|CHK2_HUMAN,ILGETSLMR,ILGETS[+80]LMR,CHK2,DNA damage,CHK2-S379,Activation,Delayed,
sp|O96017|CHK2_HUMAN,ILGETSLMR,ILGETS[+80]LM[+16]R,CHK2,DNA damage,CHK2-S379-Mox,Activation,Delayed,
sp|Q16566|KCC4_HUMAN,IADFGLSK,IADFGLS[+80]K,CAMK4;RIPK2,Alternative,CAMK4-S189;RIPK2-S168,Unknown,Delayed-reduced,
sp|P45984|MK09_HUMAN,TACTNFMMTPYVVTR,TAC[+57]TNFMMT[+80]PY[+80]VVTR,MAPK9,MAPK signaling,MAPK9-T183/Y185,Activation,Delayed,
sp|Q16513|PKN2_HUMAN,TSTFCGTPEFLAPEVLTETSYTR,TST[+80]FC[+57]GTPEFLAPEVLTETSYTR,PKN2,AGC kinase signaling,PKN2-T816,Activation,Unique,
sp|Q6P5Z2|PKN3_HUMAN,TSTFCGTPEFLAPEVLTQEAYTR,TST[+80]FC[+57]GTPEFLAPEVLTQEAYTR,PKN3,AGC kinase signaling,PKN3-T718,Activation,Unique,
sp|Q9H422|HIPK3_HUMAN,TVCSTYLQSR,TVC[+57]STY[+80]LQSR,HIPK3,Alternative,HIPK3-Y359,Unknown,Delayed,
sp|P24941|CDK2_HUMAN,TYTHEVVTLWYR,TYT[+80]HEVVTLWYR,CDK2,Cell cycle progression,CDK2-T160,Activation,None,
sp|Q92630|DYRK2_HUMAN,VYTYIQSR,VYTY[+80]IQSR,DYRK2;DYRK4,Alternative,DYRK2-Y382;DYRK4-Y264,Activation,Delayed,
sp|P06241|FYN_HUMAN,WTAPEAALYGR,WTAPEAALY[+80]GR,SRC;FYN;YES,Alternative,SRC-Y439;FYN-Y440;YES-Y446,Activation,None,
sp|Q14289|FAK2_HUMAN,YIEDEDYYK,YIEDEDYY[+80]K,FAK2,Alternative,FAK2-Y579,Activation,ns,
sp|Q14289|FAK2_HUMAN,YIEDEDYYK,YIEDEDY[+80]YK,FAK2,Alternative,FAK2-Y580,Activation,ns,
sp|Q05397|FAK1_HUMAN,YMEDSTYYK,YMEDSTY[+80]YK,FAK1,Alternative,FAK1-Y576,Activation,,
sp|Q16539|MK14_HUMAN,HTDDEMTGYVATR,HTDDEM[+16]TGY[+80]VATR,MAPK14,MAPK signaling,MAPK14-Y182-Mox,Activation,,
sp|Q16539|MK14_HUMAN,HTDDEMTGYVATR,HTDDEM[+16]T[+80]GYVATR,MAPK14,MAPK signaling,MAPK14-T180-Mox,Activation,,
sp|P28482|MK01_HUMAN,VADPDHDHTGFLTEYVATR,VADPDHDHTGFLTEY[+80]VATR,MAPK1,MAPK signaling,MAPK1-Y187,Activation,,
sp|Q8IU85|KCC1D_HUMAN,GDVMSTACGTPGYVAPEVLAQK,GDVMST[+80]AC[+57]GTPGYVAPEVLAQK,CaMKID,Alternative,CaMKID-T180,Unknown,,
sp|Q16659|MK06_HUMAN,GHLSEGLVTK,GHLS[+80]EGLVTK,MAPK6,MAPK signaling,MAPK6-S189,Activation,,
sp|Q05397|FAK1_HUMAN,YMEDSTYYK,Y[+80]MEDSTYYK,FAK1,Alternative,FAK1-Y570,Unknown,,
